acc,tpr,fpr,tnr,fnr,prec,rec,f1
0.4,0.3333333333333333,0.5,0.5,0.6666666666666666,0.5,0.3333333333333333,0.4
